{"loss": [0.1476369345066499], "accuracy": [0.953550398349762], "val_loss": [0.08537045648942392], "val_accuracy": [0.9802646636962891]}