{"loss": [3.435955157085341], "accuracy": [0.12786990404129028], "val_loss": [3.2703347206115723], "val_accuracy": [0.16015625]}