{"loss": [3.404842945994163], "accuracy": [0.11926020681858063], "val_loss": [3.2873705128828683], "val_accuracy": [0.1471354216337204]}